{"cameraMode":{"drawMode":0,"name":"Shaded","section":"Shading Mode"},"sceneLighting":false,"audioPlay":false,"sceneViewState":{"m_AlwaysRefresh":false,"showFog":true,"showSkybox":false,"showFlares":true,"showImageEffects":true,"showParticleSystems":true,"showVisualEffectGraphs":true,"m_FxEnabled":true},"in2DMode":false,"pivot":{"x":-0.9017572402954102,"y":-1.1651561260223389,"z":0.42969512939453127},"rotation":{"x":-0.006824913434684277,"y":0.9835893511772156,"z":-0.17625078558921815,"w":-0.03808237612247467},"size":0.8948187828063965,"orthographic":false}