{"cameraMode":{"drawMode":0,"name":"Shaded","section":"Shading Mode"},"sceneLighting":false,"audioPlay":false,"sceneViewState":{"m_AlwaysRefresh":false,"showFog":true,"showSkybox":false,"showFlares":true,"showImageEffects":true,"showParticleSystems":true,"showVisualEffectGraphs":true,"m_FxEnabled":true},"in2DMode":false,"pivot":{"x":-0.12885846197605134,"y":0.8346434831619263,"z":1.1773351430892945},"rotation":{"x":-0.03763203322887421,"y":0.9476367235183716,"z":-0.1217806488275528,"w":-0.29282519221305849},"size":1.0153895616531373,"orthographic":false}